Restaurant Name,Locality,Zone,Landmark,Nearest Metro,Avg Cost for 2,Cuisine Types,Category Name,Dish Name,Price,Description,Is Veg,Is Must Try
Diva - The Italian Restaurant,GK 2,South Delhi,M-Block Market GK2,Greater Kailash Metro,2500,"Italian, European",Starters & Appetizers,Burrata Pugliese,690,"Artisanal burrata with heirloom tomatoes, basil pesto, and balsamic glaze",true,true
Diva - The Italian Restaurant,GK 2,South Delhi,M-Block Market GK2,Greater Kailash Metro,2500,"Italian, European",Starters & Appetizers,Carpaccio di Manzo,750,"Thinly sliced tenderloin with arugula, capers, and shaved parmesan",false,false
Diva - The Italian Restaurant,GK 2,South Delhi,M-Block Market GK2,Greater Kailash Metro,2500,"Italian, European",Starters & Appetizers,Bruschetta al Pomodoro,480,"Grilled sourdough topped with vine tomatoes, garlic, extra virgin olive oil, and fresh basil",true,false
Diva - The Italian Restaurant,GK 2,South Delhi,M-Block Market GK2,Greater Kailash Metro,2500,"Italian, European","Mains, Pizzas & Pastas",Handcrafted Tagliolini al Tartufo,890,Fresh handmade tagliolini pasta tossed in rich black truffle butter sauce,true,true
Diva - The Italian Restaurant,GK 2,South Delhi,M-Block Market GK2,Greater Kailash Metro,2500,"Italian, European","Mains, Pizzas & Pastas",Ravioli di Ricotta e Spinaci,780,Handmade ravioli filled with fresh ricotta and spinach in a sage butter sauce,true,false
Diva - The Italian Restaurant,GK 2,South Delhi,M-Block Market GK2,Greater Kailash Metro,2500,"Italian, European","Mains, Pizzas & Pastas",Pizza Margherita D.O.P.,750,"San Marzano tomato sauce, fresh buffalo mozzarella, and aromatic basil",true,true
Diva - The Italian Restaurant,GK 2,South Delhi,M-Block Market GK2,Greater Kailash Metro,2500,"Italian, European","Mains, Pizzas & Pastas",Risotto ai Funghi Porcini,820,Creamy Carnaroli rice cooked with wild porcini mushrooms and parmesan crisp,true,true
Diva - The Italian Restaurant,GK 2,South Delhi,M-Block Market GK2,Greater Kailash Metro,2500,"Italian, European",Beverages,San Pellegrino Sparkling Water,350,Imported Italian natural sparkling mineral water (750ml),true,false
Diva - The Italian Restaurant,GK 2,South Delhi,M-Block Market GK2,Greater Kailash Metro,2500,"Italian, European",Beverages,Italian Roast Espresso,195,Intense and rich single-origin espresso extraction,true,false
Diva - The Italian Restaurant,GK 2,South Delhi,M-Block Market GK2,Greater Kailash Metro,2500,"Italian, European",Desserts,Classic Tiramisu Tradizionale,550,Traditional espresso-soaked savoiardi layered with creamy mascarpone,true,true
Artusi Ristorante in Piazza,GK 2,South Delhi,M-Block Market GK2,Greater Kailash Metro,3000,"Italian, Emilia-Romagna Fine Dining",Starters & Appetizers,Crescentina Fritta,580,Traditional puffed fried bread served with squacquerone cheese and dips,true,true
Artusi Ristorante in Piazza,GK 2,South Delhi,M-Block Market GK2,Greater Kailash Metro,3000,"Italian, Emilia-Romagna Fine Dining",Starters & Appetizers,Insalata di Mare,790,"Warm seafood salad of calamari, prawns, and octopus with lemon vinaigrette",false,false
Artusi Ristorante in Piazza,GK 2,South Delhi,M-Block Market GK2,Greater Kailash Metro,3000,"Italian, Emilia-Romagna Fine Dining",Starters & Appetizers,Melanzane alla Parmigiana,650,"Baked layers of eggplant, tomato sauce, basil, and aged parmesan cheese",true,false
Artusi Ristorante in Piazza,GK 2,South Delhi,M-Block Market GK2,Greater Kailash Metro,3000,"Italian, Emilia-Romagna Fine Dining","Mains, Pizzas & Pastas",Spaghetti alla Chitarra con Vongole,950,"Handmade artisanal guitar-cut pasta with fresh clams, white wine, and parsley",false,true
Artusi Ristorante in Piazza,GK 2,South Delhi,M-Block Market GK2,Greater Kailash Metro,3000,"Italian, Emilia-Romagna Fine Dining","Mains, Pizzas & Pastas",Tagliatelle al Ragù Bolognese,890,Authentic slow-braised traditional beef and pork ragu tossed with fresh egg tagliatelle,false,true
Artusi Ristorante in Piazza,GK 2,South Delhi,M-Block Market GK2,Greater Kailash Metro,3000,"Italian, Emilia-Romagna Fine Dining","Mains, Pizzas & Pastas",Gnocchi al Gorgonzola,790,Hand-rolled potato gnocchi in a decadent melted gorgonzola cheese sauce with toasted walnuts,true,false
Artusi Ristorante in Piazza,GK 2,South Delhi,M-Block Market GK2,Greater Kailash Metro,3000,"Italian, Emilia-Romagna Fine Dining","Mains, Pizzas & Pastas",Filetto di Spigola,1150,Pan-seared Chilean sea bass fillet on a bed of sautéed spinach and caper sauce,false,false
Artusi Ristorante in Piazza,GK 2,South Delhi,M-Block Market GK2,Greater Kailash Metro,3000,"Italian, Emilia-Romagna Fine Dining",Beverages,Espresso Macchiato,220,Freshly extracted Italian single origin espresso marked with velvety milk foam,true,false
Artusi Ristorante in Piazza,GK 2,South Delhi,M-Block Market GK2,Greater Kailash Metro,3000,"Italian, Emilia-Romagna Fine Dining",Desserts,Panna Cotta alla Vaniglia,520,Silky Piedmontese vanilla bean custard served with fresh raspberry reduction,true,true
Andrea's Bar & Brasserie,GK 2,South Delhi,M-Block Market GK2,Greater Kailash Metro,1800,"European, Pan-Asian, Italian",Starters & Appetizers,Avocado Tartine,495,"Toasted sourdough bread topped with mashed Hass avocado, cherry tomatoes, and microgreens",true,true
Andrea's Bar & Brasserie,GK 2,South Delhi,M-Block Market GK2,Greater Kailash Metro,1800,"European, Pan-Asian, Italian",Starters & Appetizers,Crispy Calamari Rings,545,Golden fried spiced calamari served with zesty roasted garlic aioli,false,false
Andrea's Bar & Brasserie,GK 2,South Delhi,M-Block Market GK2,Greater Kailash Metro,1800,"European, Pan-Asian, Italian",Starters & Appetizers,Edamame & Truffle Dumplings,525,Steamed crystal dumplings packed with crushed edamame and subtle truffle essence,true,true
Andrea's Bar & Brasserie,GK 2,South Delhi,M-Block Market GK2,Greater Kailash Metro,1800,"European, Pan-Asian, Italian","Mains, Pizzas & Pastas",Andrea's Signature Margherita Pizza,675,"Wood-fired artisanal thin crust with San Marzano sauce, fresh mozzarella, and basil",true,false
Andrea's Bar & Brasserie,GK 2,South Delhi,M-Block Market GK2,Greater Kailash Metro,1800,"European, Pan-Asian, Italian","Mains, Pizzas & Pastas",Krapow Chicken Bowl,645,Thai minced chicken stir-fried with bird's eye chili and holy basil over jasmine rice,false,true
Andrea's Bar & Brasserie,GK 2,South Delhi,M-Block Market GK2,Greater Kailash Metro,1800,"European, Pan-Asian, Italian","Mains, Pizzas & Pastas",Wild Mushroom Risotto,695,"Slow-simmered arborio rice with assorted forest mushrooms, parmesan, and truffle drizzle",true,false
Andrea's Bar & Brasserie,GK 2,South Delhi,M-Block Market GK2,Greater Kailash Metro,1800,"European, Pan-Asian, Italian","Mains, Pizzas & Pastas",Pan-Seared Norwegian Salmon,1195,"Fresh salmon fillet served with baby beans, mashed potatoes, and lemon butter emulsion",false,true
Andrea's Bar & Brasserie,GK 2,South Delhi,M-Block Market GK2,Greater Kailash Metro,1800,"European, Pan-Asian, Italian",Beverages,Berry Blast Smoothie,325,"Rich blend of blueberries, strawberries, Greek yogurt, and raw honey",true,false
Andrea's Bar & Brasserie,GK 2,South Delhi,M-Block Market GK2,Greater Kailash Metro,1800,"European, Pan-Asian, Italian",Beverages,Iced Spanish Latte,295,Double espresso shot shaken over ice with sweet condensed milk,true,false
Andrea's Bar & Brasserie,GK 2,South Delhi,M-Block Market GK2,Greater Kailash Metro,1800,"European, Pan-Asian, Italian",Desserts,Tres Leches Cake,425,"Ultra light sponge cake soaked in three decadent milks, topped with whipped cream",true,true
Shibuya Food & Bar,GK 2,South Delhi,M-Block Market GK2,Greater Kailash Metro,1800,"Pan-Asian, Japanese, Asian Street Food",Starters & Appetizers,Shibuya Truffle Edamame,425,Steamed young soy pods tossed in white truffle oil and coarse sea salt,true,true
Shibuya Food & Bar,GK 2,South Delhi,M-Block Market GK2,Greater Kailash Metro,1800,"Pan-Asian, Japanese, Asian Street Food",Starters & Appetizers,Prawn Hargow Dumplings,495,Delicate translucent steamed Cantonese dumplings stuffed with juicy whole prawns,false,false
Shibuya Food & Bar,GK 2,South Delhi,M-Block Market GK2,Greater Kailash Metro,1800,"Pan-Asian, Japanese, Asian Street Food",Starters & Appetizers,Crispy Lotus Stem in Sweet Chili,395,Thinly sliced lotus root tossed in honey chili glaze with scallions and sesame,true,true
Shibuya Food & Bar,GK 2,South Delhi,M-Block Market GK2,Greater Kailash Metro,1800,"Pan-Asian, Japanese, Asian Street Food",Starters & Appetizers,Korean Fried Chicken Bao,475,Steamed lotus buns stuffed with gochujang glazed crispy chicken and kimchi slaw,false,true
Shibuya Food & Bar,GK 2,South Delhi,M-Block Market GK2,Greater Kailash Metro,1800,"Pan-Asian, Japanese, Asian Street Food",Mains & Asian Curries,Tokyo Tonkotsu Ramen,695,"Hearty 12-hour pork bone broth, springy ramen noodles, chashu pork belly, and ajitsuke tamago",false,true
Shibuya Food & Bar,GK 2,South Delhi,M-Block Market GK2,Greater Kailash Metro,1800,"Pan-Asian, Japanese, Asian Street Food",Mains & Asian Curries,Vegetarian Miso Ramen,595,"Rich fermented red miso and shiitake broth with ramen noodles, tofu, corn, and bok choy",true,false
Shibuya Food & Bar,GK 2,South Delhi,M-Block Market GK2,Greater Kailash Metro,1800,"Pan-Asian, Japanese, Asian Street Food",Mains & Asian Curries,Thai Green Curry with Jasmine Rice,645,"Fragrant coconut milk curry infused with lemongrass and galangal, served with fragrant jasmine rice",true,false
Shibuya Food & Bar,GK 2,South Delhi,M-Block Market GK2,Greater Kailash Metro,1800,"Pan-Asian, Japanese, Asian Street Food",Beverages,Yuzu Mint Lemonade,275,Refreshing cooler infused with Japanese yuzu citrus extract and garden mint,true,false
Shibuya Food & Bar,GK 2,South Delhi,M-Block Market GK2,Greater Kailash Metro,1800,"Pan-Asian, Japanese, Asian Street Food",Beverages,Tokyo Iced Peach Tea,245,Freshly brewed Japanese black tea shaken over ice with peach puree,true,false
Shibuya Food & Bar,GK 2,South Delhi,M-Block Market GK2,Greater Kailash Metro,1800,"Pan-Asian, Japanese, Asian Street Food",Desserts,Matcha Shibuya Toast,495,Thick caramelized Japanese brioche toast topped with matcha gelato and honey drizzle,true,true
Carnatic Cafe,GK 2,South Delhi,M-Block Market GK2,Greater Kailash Metro,600,"South Indian, Karnataka Specials",Starters & Appetizers,Malleswaram 18th Cross Dosa,240,"Thick, crispy golden brown dosa smeared with fragrant benne (butter) and house podi chutney",true,true
Carnatic Cafe,GK 2,South Delhi,M-Block Market GK2,Greater Kailash Metro,600,"South Indian, Karnataka Specials",Starters & Appetizers,Bombat Dosa,250,Signature crisp dosa layered with spiced red chili garlic chutney and generous butter,true,true
Carnatic Cafe,GK 2,South Delhi,M-Block Market GK2,Greater Kailash Metro,600,"South Indian, Karnataka Specials",Starters & Appetizers,Ghee Roast Masala Dosa,230,Classic paper-thin crispy crepe roasted in pure ghee and stuffed with spiced potato mash,true,false
Carnatic Cafe,GK 2,South Delhi,M-Block Market GK2,Greater Kailash Metro,600,"South Indian, Karnataka Specials",Starters & Appetizers,Idli Vada Combo,160,Pair of steamed soft rice cakes and crispy urad dal vada served with hot sambar and fresh coconut chutneys,true,false
Carnatic Cafe,GK 2,South Delhi,M-Block Market GK2,Greater Kailash Metro,600,"South Indian, Karnataka Specials",Starters & Appetizers,Rava Onion Dosa,220,"Crispy semolina and rice batter crepe sprinkled with chopped onions, green chilies, and coriander",true,false
Carnatic Cafe,GK 2,South Delhi,M-Block Market GK2,Greater Kailash Metro,600,"South Indian, Karnataka Specials",Mains & Rice,Bisi Bele Bath,210,"Wholesome Karnataka specialty rice cooked with lentils, mixed vegetables, tamarind, and aromatic spices",true,true
Carnatic Cafe,GK 2,South Delhi,M-Block Market GK2,Greater Kailash Metro,600,"South Indian, Karnataka Specials",Mains & Rice,Traditional Curd Rice,170,"Cool tempered rice with seasoned yogurt, mustard seeds, curry leaves, and pomegranate arils",true,false
Carnatic Cafe,GK 2,South Delhi,M-Block Market GK2,Greater Kailash Metro,600,"South Indian, Karnataka Specials",Beverages,Filter Coffee,95,Authentic South Indian chicory-infused strong decoction frothed with boiling hot milk,true,true
Carnatic Cafe,GK 2,South Delhi,M-Block Market GK2,Greater Kailash Metro,600,"South Indian, Karnataka Specials",Desserts,Obbattu (Holige),110,"Warm sweet flatbread stuffed with delicate jaggery, chana dal, and cardamom stuffing",true,false
Fat Jar Cafe and Market,GK 2,South Delhi,M-Block Market GK2,Greater Kailash Metro,1500,"Mediterranean, European, Artisanal Cafe",Starters & Appetizers,Mezze Platter with Fresh Pita,595,"Creamy hummus, tzatziki, moutabal, and crispy falafel served with hot wood-fired pita",true,true
Fat Jar Cafe and Market,GK 2,South Delhi,M-Block Market GK2,Greater Kailash Metro,1500,"Mediterranean, European, Artisanal Cafe",Starters & Appetizers,Warm Goat Cheese Crostini,495,"Toasted baguette slices topped with warm chèvre, caramelized onions, and fig jam",true,false
Fat Jar Cafe and Market,GK 2,South Delhi,M-Block Market GK2,Greater Kailash Metro,1500,"Mediterranean, European, Artisanal Cafe",Starters & Appetizers,Garlic Butter Prawns,625,"Succulent prawns pan-sautéed in extra virgin olive oil, minced garlic, chili flakes, and parsley",false,true
Fat Jar Cafe and Market,GK 2,South Delhi,M-Block Market GK2,Greater Kailash Metro,1500,"Mediterranean, European, Artisanal Cafe","Mains, Pizzas & Pastas",Wood-Fired Quattro Formaggi Pizza,695,"Artisanal crust topped with mozzarella, gorgonzola, fontina, and aged parmesan",true,true
Fat Jar Cafe and Market,GK 2,South Delhi,M-Block Market GK2,Greater Kailash Metro,1500,"Mediterranean, European, Artisanal Cafe","Mains, Pizzas & Pastas",Handmade Pappardelle Lamb Ragu,745,Broad pasta ribbons served with slow-cooked shredded mutton shank and herb gravy,false,true
Fat Jar Cafe and Market,GK 2,South Delhi,M-Block Market GK2,Greater Kailash Metro,1500,"Mediterranean, European, Artisanal Cafe","Mains, Pizzas & Pastas",Spinach and Feta Filo Pie,575,"Golden flaky filo pastry layered with seasoned fresh spinach, dill, and crumbled Greek feta",true,false
Fat Jar Cafe and Market,GK 2,South Delhi,M-Block Market GK2,Greater Kailash Metro,1500,"Mediterranean, European, Artisanal Cafe",Beverages,House Artisanal Kombucha,240,Naturally fermented sparkling probiotic tea infused with ginger and lime,true,false
Fat Jar Cafe and Market,GK 2,South Delhi,M-Block Market GK2,Greater Kailash Metro,1500,"Mediterranean, European, Artisanal Cafe",Beverages,Hot Belgian Chocolate,280,Rich and velvety melted dark Belgian chocolate whisked with steamed full-cream milk,true,false
Fat Jar Cafe and Market,GK 2,South Delhi,M-Block Market GK2,Greater Kailash Metro,1500,"Mediterranean, European, Artisanal Cafe",Desserts,Salted Caramel Cheesecake,395,Dense New York style baked cheesecake finished with a generous drizzle of homemade salted caramel,true,true
Smokey's BBQ and Grill,GK 2,South Delhi,M-Block Market GK2,Greater Kailash Metro,1800,"American, BBQ, Craft Burgers, Steaks",Starters & Appetizers,Smokey's Chicken Wings,475,Crispy fried chicken wings tossed in homemade spicy hickory barbecue sauce,false,true
Smokey's BBQ and Grill,GK 2,South Delhi,M-Block Market GK2,Greater Kailash Metro,1800,"American, BBQ, Craft Burgers, Steaks",Starters & Appetizers,Loaded Truffle Cheese Fries,395,"Hand-cut potato fries smothered in warm cheese sauce, truffle oil, and herbs",true,false
Smokey's BBQ and Grill,GK 2,South Delhi,M-Block Market GK2,Greater Kailash Metro,1800,"American, BBQ, Craft Burgers, Steaks",Starters & Appetizers,Grilled BBQ Corn Cob,295,Sweet corn cobs charred over open flame and brushed with chipotle lime butter,true,false
Smokey's BBQ and Grill,GK 2,South Delhi,M-Block Market GK2,Greater Kailash Metro,1800,"American, BBQ, Craft Burgers, Steaks",Mains & Craft Burgers,The Classic Tenderloin Burger,645,"Juicy grilled beef tenderloin patty topped with melted cheddar, bacon jam, and gherkins in a brioche bun",false,true
Smokey's BBQ and Grill,GK 2,South Delhi,M-Block Market GK2,Greater Kailash Metro,1800,"American, BBQ, Craft Burgers, Steaks",Mains & Craft Burgers,Smoked Pulled Chicken Burger,545,Slow-smoked shredded chicken tossed in tangy BBQ sauce and topped with crunchy coleslaw,false,false
Smokey's BBQ and Grill,GK 2,South Delhi,M-Block Market GK2,Greater Kailash Metro,1800,"American, BBQ, Craft Burgers, Steaks",Mains & Craft Burgers,Crispy Portobello & Gouda Burger,525,Crumb-fried whole portobello mushroom stuffed with smoked gouda cheese and caramelized onions,true,true
Smokey's BBQ and Grill,GK 2,South Delhi,M-Block Market GK2,Greater Kailash Metro,1800,"American, BBQ, Craft Burgers, Steaks",Mains & Craft Burgers,Hickory Smoked Pork Ribs,895,Melt-in-mouth slow-smoked baby back pork ribs glazed with sticky barbecue sauce,false,true
Smokey's BBQ and Grill,GK 2,South Delhi,M-Block Market GK2,Greater Kailash Metro,1800,"American, BBQ, Craft Burgers, Steaks",Beverages,Peanut Butter Oreo Shake,295,"Thick decadent milkshake blended with smooth peanut butter, Oreo cookies, and vanilla ice cream",true,false
Smokey's BBQ and Grill,GK 2,South Delhi,M-Block Market GK2,Greater Kailash Metro,1800,"American, BBQ, Craft Burgers, Steaks",Desserts,Warm Skillet Chocolate Fudge Brownie,385,"Gooey chocolate brownie baked fresh in a cast iron skillet, served with vanilla bean ice cream",true,true
Town Hall,GK 2,South Delhi,M-Block Market GK2,Greater Kailash Metro,2200,"Japanese, Pan-Asian, Sushi, Continental",Starters & Appetizers,Crispy Prawn Tempura,595,"Lightly battered tiger prawns fried till feather-crisp, served with grated daikon dashi dipping sauce",false,false
Town Hall,GK 2,South Delhi,M-Block Market GK2,Greater Kailash Metro,2200,"Japanese, Pan-Asian, Sushi, Continental",Starters & Appetizers,Spicy Salmon Uramaki Roll,695,"Fresh Atlantic salmon, sriracha mayo, avocado, and tobiko wrapped in seasoned sushi rice",false,true
Town Hall,GK 2,South Delhi,M-Block Market GK2,Greater Kailash Metro,2200,"Japanese, Pan-Asian, Sushi, Continental",Starters & Appetizers,Asparagus Tempura Cream Cheese Roll,545,Crispy fried asparagus and velvety cream cheese rolled in sushi rice and tanuki flakes,true,true
Town Hall,GK 2,South Delhi,M-Block Market GK2,Greater Kailash Metro,2200,"Japanese, Pan-Asian, Sushi, Continental",Starters & Appetizers,Chicken Gyoza,495,Pan-seared Japanese potstickers packed with juicy minced chicken and scallions,false,false
Town Hall,GK 2,South Delhi,M-Block Market GK2,Greater Kailash Metro,2200,"Japanese, Pan-Asian, Sushi, Continental",Mains & Asian Curries,Signature Augusto's Salmon Pizza,895,"Crispy tortilla base topped with fresh sashimi salmon slices, truffle oil, and spicy aioli",false,true
Town Hall,GK 2,South Delhi,M-Block Market GK2,Greater Kailash Metro,2200,"Japanese, Pan-Asian, Sushi, Continental",Mains & Asian Curries,Massaman Lamb Curry with Jasmine Rice,780,"Rich Southern Thai coconut curry with slow-braised lamb chunks, roasted peanuts, and potatoes",false,true
Town Hall,GK 2,South Delhi,M-Block Market GK2,Greater Kailash Metro,2200,"Japanese, Pan-Asian, Sushi, Continental",Mains & Asian Curries,Stir-Fried Silken Tofu in Black Pepper,545,"Wok-seared cubes of silken tofu with bell peppers, spring onions, and cracked black pepper",true,false
Town Hall,GK 2,South Delhi,M-Block Market GK2,Greater Kailash Metro,2200,"Japanese, Pan-Asian, Sushi, Continental",Beverages,Lemongrass Ginger Cooler,275,"Chilled crushed ice beverage with muddled lemongrass, fresh ginger, and sparkling soda",true,false
Town Hall,GK 2,South Delhi,M-Block Market GK2,Greater Kailash Metro,2200,"Japanese, Pan-Asian, Sushi, Continental",Beverages,Iced Matcha Latte,295,Whisked ceremonial Japanese green tea over chilled milk and sweet syrup,true,false
Town Hall,GK 2,South Delhi,M-Block Market GK2,Greater Kailash Metro,2200,"Japanese, Pan-Asian, Sushi, Continental",Desserts,Japanese Matcha Mousse,450,Silky green tea matcha mousse paired with dark chocolate crumble and berries,true,true
Public Affair,GK 2,South Delhi,M-Block Market GK2,Greater Kailash Metro,2100,"European, Continental, Contemporary Bar",Starters & Appetizers,Truffled Mushroom Pate,475,"Creamy wild mushroom spread with thyme and white truffle oil, served with toasted crostini",true,true
Public Affair,GK 2,South Delhi,M-Block Market GK2,Greater Kailash Metro,2100,"European, Continental, Contemporary Bar",Starters & Appetizers,Gambas al Ajillo,645,"Classic Spanish-style sizzling prawns cooked in olive oil, garlic slivers, and bird's eye chilies",false,true
Public Affair,GK 2,South Delhi,M-Block Market GK2,Greater Kailash Metro,2100,"European, Continental, Contemporary Bar",Starters & Appetizers,Baked Camembert Wheel,625,"Whole baked camembert infused with rosemary and honey, accompanied by crusty bread slices",true,false
Public Affair,GK 2,South Delhi,M-Block Market GK2,Greater Kailash Metro,2100,"European, Continental, Contemporary Bar","Mains, Pastas & Steaks",Sous Vide Pork Belly,895,"Crispy skinned pork belly cooked sous vide, served with green apple puree and red wine jus",false,true
Public Affair,GK 2,South Delhi,M-Block Market GK2,Greater Kailash Metro,2100,"European, Continental, Contemporary Bar","Mains, Pastas & Steaks",Wild Mushroom & Truffle Linguine,675,Al dente linguine tossed with sautéed shimeji and button mushrooms in light truffle cream,true,true
Public Affair,GK 2,South Delhi,M-Block Market GK2,Greater Kailash Metro,2100,"European, Continental, Contemporary Bar","Mains, Pastas & Steaks",Herb Crusted Lamb Chops,995,Char-grilled New Zealand lamb cutlets served with roasted root vegetables and mint jus,false,false
Public Affair,GK 2,South Delhi,M-Block Market GK2,Greater Kailash Metro,2100,"European, Continental, Contemporary Bar",Beverages,Smoked Rosemary Highball,345,Botanical infused sparkling highball cooler garnished with a torch-smoked rosemary sprig,true,false
Public Affair,GK 2,South Delhi,M-Block Market GK2,Greater Kailash Metro,2100,"European, Continental, Contemporary Bar",Beverages,Elderflower Fizz,295,"Fragrant French elderflower cordial shaken with crushed ice, fresh lime, and club soda",true,false
Public Affair,GK 2,South Delhi,M-Block Market GK2,Greater Kailash Metro,2100,"European, Continental, Contemporary Bar",Desserts,Dark Chocolate Fondant,450,"Warm molten lava cake made with 70% dark Belgian cocoa, served with vanilla bean gelato",true,true
Kiara Soul Kitchen,GK 2,South Delhi,M-Block Market GK2,Greater Kailash Metro,1600,"Gourmet Vegetarian, Pan-Asian, Modern Indian",Starters & Appetizers,Water Chestnut & Corn Dim Sum,445,Translucent purple cabbage wrap steamed dumplings filled with sweet corn and crunchy water chestnuts,true,true
Kiara Soul Kitchen,GK 2,South Delhi,M-Block Market GK2,Greater Kailash Metro,1600,"Gourmet Vegetarian, Pan-Asian, Modern Indian",Starters & Appetizers,Lotus Root Crisps in Sweet Tamarind,415,Paper-thin fried lotus stem crisps glazed with tangy tamarind and toasted sesame seeds,true,false
Kiara Soul Kitchen,GK 2,South Delhi,M-Block Market GK2,Greater Kailash Metro,1600,"Gourmet Vegetarian, Pan-Asian, Modern Indian",Starters & Appetizers,Kiara Signature Avocado Galouti,485,Mouth-melting vegetarian galouti kebabs prepared from ripe Hass avocado and Indian spices,true,true
Kiara Soul Kitchen,GK 2,South Delhi,M-Block Market GK2,Greater Kailash Metro,1600,"Gourmet Vegetarian, Pan-Asian, Modern Indian","Mains, Curries & Breads",Burmese Khow Suey Bowl,595,Fragrant spiced coconut curry broth poured over eggless noodles with 10 traditional crunchy condiments,true,true
Kiara Soul Kitchen,GK 2,South Delhi,M-Block Market GK2,Greater Kailash Metro,1600,"Gourmet Vegetarian, Pan-Asian, Modern Indian","Mains, Curries & Breads",Silken Tofu in Yellow Thai Curry,575,"Mild aromatic Thai yellow curry loaded with diced silken tofu, baby corn, and snow peas",true,false
Kiara Soul Kitchen,GK 2,South Delhi,M-Block Market GK2,Greater Kailash Metro,1600,"Gourmet Vegetarian, Pan-Asian, Modern Indian","Mains, Curries & Breads",Paneer Kundan Qaliyan,545,Tender cottage cheese simmered in a royal Awadhi yogurt and saffron gravy,true,false
Kiara Soul Kitchen,GK 2,South Delhi,M-Block Market GK2,Greater Kailash Metro,1600,"Gourmet Vegetarian, Pan-Asian, Modern Indian","Mains, Curries & Breads",Wild Mushroom Edamame Sticky Rice,465,"Aromatic jasmine sticky rice steamed with shiitake mushrooms, edamame, and scallions",true,false
Kiara Soul Kitchen,GK 2,South Delhi,M-Block Market GK2,Greater Kailash Metro,1600,"Gourmet Vegetarian, Pan-Asian, Modern Indian","Mains, Curries & Breads",Chili Coriander Naan,125,Traditional tandoor-baked leavened bread brushed with fresh green chilies and chopped coriander,true,false
Kiara Soul Kitchen,GK 2,South Delhi,M-Block Market GK2,Greater Kailash Metro,1600,"Gourmet Vegetarian, Pan-Asian, Modern Indian",Beverages,Kiara Botanical Brew,275,"Cold-brewed floral tea infused with butterfly pea flower, kaffir lime, and raw cane sugar",true,false
Kiara Soul Kitchen,GK 2,South Delhi,M-Block Market GK2,Greater Kailash Metro,1600,"Gourmet Vegetarian, Pan-Asian, Modern Indian",Desserts,Coconut Jaggery Kheer,350,Traditional slow-reduced rice pudding made with fresh coconut milk and palm jaggery,true,true
Swagath,GK 2,South Delhi,M-Block Market GK2,Greater Kailash Metro,1600,"Mangalorean, Coastal Seafood, North Indian",Starters & Appetizers,Prawns Butter Garlic,750,Fresh coastal prawns sautéed in rich garlic butter with cracked black pepper,false,true
Swagath,GK 2,South Delhi,M-Block Market GK2,Greater Kailash Metro,1600,"Mangalorean, Coastal Seafood, North Indian",Starters & Appetizers,Surmai Rava Fry,680,Thick kingfish steak marinated in coastal spices and coated in crisp golden semolina crust,false,true
Swagath,GK 2,South Delhi,M-Block Market GK2,Greater Kailash Metro,1600,"Mangalorean, Coastal Seafood, North Indian",Starters & Appetizers,Chicken Ghee Roast,590,Tender chicken morsels roasted in homemade Byadgi chili paste and pure desi ghee,false,true
Swagath,GK 2,South Delhi,M-Block Market GK2,Greater Kailash Metro,1600,"Mangalorean, Coastal Seafood, North Indian",Starters & Appetizers,Paneer Ghee Roast,480,Fresh paneer cubes roasted in rich Mangalorean red chili masala and clarifying butter,true,false
Swagath,GK 2,South Delhi,M-Block Market GK2,Greater Kailash Metro,1600,"Mangalorean, Coastal Seafood, North Indian","Mains, Curries & Breads",Crab Masala,850,"Whole mud crab cooked in a thick spicy coastal onion, coconut, and tomato gravy",false,true
Swagath,GK 2,South Delhi,M-Block Market GK2,Greater Kailash Metro,1600,"Mangalorean, Coastal Seafood, North Indian","Mains, Curries & Breads",Fish Curry Mangalorean Style,690,Seer fish simmered in a sour and spicy coconut curry infused with Kudampuli (kokum),false,false
Swagath,GK 2,South Delhi,M-Block Market GK2,Greater Kailash Metro,1600,"Mangalorean, Coastal Seafood, North Indian","Mains, Curries & Breads",Murgh Makhani (Butter Chicken),590,Classic Delhi-style charcoal grilled tandoori chicken simmered in rich creamy tomato butter gravy,false,false
Swagath,GK 2,South Delhi,M-Block Market GK2,Greater Kailash Metro,1600,"Mangalorean, Coastal Seafood, North Indian","Mains, Curries & Breads",Neer Dosa (3 pcs),160,"Ultra thin, lacy, melt-in-mouth rice crepes from the coastal Udupi region",true,true
Swagath,GK 2,South Delhi,M-Block Market GK2,Greater Kailash Metro,1600,"Mangalorean, Coastal Seafood, North Indian","Mains, Curries & Breads",Appam (2 pcs),140,Bowl-shaped soft fermented rice and coconut hoppers with crisp lace edges,true,false
Swagath,GK 2,South Delhi,M-Block Market GK2,Greater Kailash Metro,1600,"Mangalorean, Coastal Seafood, North Indian",Desserts,Matka Kulfi,180,"Dense, creamy saffron and pistachio traditional Indian kulfi set in an earthen pot",true,true
Not Just Paranthas,GK 2,South Delhi,M-Block Market GK2,Greater Kailash Metro,900,"North Indian, Mughlai, Paranthas",Starters & Appetizers,Dahi Ke Sholey,320,"Crisp bread rolls stuffed with seasoned spiced hung curd, bell peppers, and fresh coriander",true,true
Not Just Paranthas,GK 2,South Delhi,M-Block Market GK2,Greater Kailash Metro,900,"North Indian, Mughlai, Paranthas",Starters & Appetizers,Bhatti Da Murgh,440,Tender chicken drumsticks marinated in cracked aromatic spices and charred in clay oven,false,false
Not Just Paranthas,GK 2,South Delhi,M-Block Market GK2,Greater Kailash Metro,900,"North Indian, Mughlai, Paranthas",Starters & Appetizers,Paneer Tikka Shashlik,380,"Cubes of fresh cottage cheese with capsicum, onion, and tomato grilled on skewers",true,false
Not Just Paranthas,GK 2,South Delhi,M-Block Market GK2,Greater Kailash Metro,900,"North Indian, Mughlai, Paranthas",Mains & Curries,Dal Makhani,340,"Overnight slow-simmered black lentils cooked with butter, cream, and subtle fenugreek",true,true
Not Just Paranthas,GK 2,South Delhi,M-Block Market GK2,Greater Kailash Metro,900,"North Indian, Mughlai, Paranthas",Mains & Curries,Mutton Rogan Josh,560,Traditional Kashmiri slow-cooked tender goat meat in rich gravy infused with ratanjot bark,false,true
Not Just Paranthas,GK 2,South Delhi,M-Block Market GK2,Greater Kailash Metro,900,"North Indian, Mughlai, Paranthas",Mains & Curries,Paneer Butter Masala,390,Soft paneer cubes cooked in a mildly sweet and tangy creamy tomato and cashew gravy,true,false
Not Just Paranthas,GK 2,South Delhi,M-Block Market GK2,Greater Kailash Metro,900,"North Indian, Mughlai, Paranthas",Mains & Curries,Chur Chur Naan Thali,360,"Crushed flaky tandoori naan stuffed with potatoes and paneer, served with dal and chole",true,true
Not Just Paranthas,GK 2,South Delhi,M-Block Market GK2,Greater Kailash Metro,900,"North Indian, Mughlai, Paranthas",Mains & Curries,Keema Parantha,260,Wholesome whole wheat tandoori parantha packed with spiced minced mutton stuffing,false,true
Not Just Paranthas,GK 2,South Delhi,M-Block Market GK2,Greater Kailash Metro,900,"North Indian, Mughlai, Paranthas",Beverages,Kulhad Sweet Lassi,140,Thick traditional churned yogurt drink served chilled in an earthen cup with malai layer,true,false
Not Just Paranthas,GK 2,South Delhi,M-Block Market GK2,Greater Kailash Metro,900,"North Indian, Mughlai, Paranthas",Desserts,Gulab Jamun (2 pcs),120,Deep-fried khoya dumplings soaked in warm fragrant cardamom and rose sugar syrup,true,true
Wok in the Clouds,GK 2,South Delhi,M-Block Market GK2,Greater Kailash Metro,1600,"Pan-Asian, North Indian, Continental",Starters & Appetizers,Crispy Chilly Garlic Prawns,620,"Wok-tossed jumbo prawns with diced garlic, scallions, and red bird's eye chilies",false,true
Wok in the Clouds,GK 2,South Delhi,M-Block Market GK2,Greater Kailash Metro,1600,"Pan-Asian, North Indian, Continental",Starters & Appetizers,Galouti Kebab with Ulte Tawe Ka Parantha,590,Silky smooth melt-in-mouth Lucknowi mutton kebabs served over miniature saffron paranthas,false,true
Wok in the Clouds,GK 2,South Delhi,M-Block Market GK2,Greater Kailash Metro,1600,"Pan-Asian, North Indian, Continental",Starters & Appetizers,Crispy Corn Salt and Pepper,380,"Crunchy fried sweet corn kernels tossed with cracked pepper, spring onions, and garlic",true,false
Wok in the Clouds,GK 2,South Delhi,M-Block Market GK2,Greater Kailash Metro,1600,"Pan-Asian, North Indian, Continental",Mains & Curries,Thai Red Curry with Steamed Rice,580,"Fiery coconut milk red curry with bamboo shoots, basil, and choice of chicken or vegetables",false,false
Wok in the Clouds,GK 2,South Delhi,M-Block Market GK2,Greater Kailash Metro,1600,"Pan-Asian, North Indian, Continental",Mains & Curries,Butter Chicken Punjab Grill Style,560,Boneless tandoori chicken simmered in rich satin-finish tomato and cashew cream gravy,false,true
Wok in the Clouds,GK 2,South Delhi,M-Block Market GK2,Greater Kailash Metro,1600,"Pan-Asian, North Indian, Continental",Mains & Curries,Kadhai Paneer,440,"Cottage cheese cubes tossed with pounded coriander seeds, bell peppers, and spicy onion gravy",true,false
Wok in the Clouds,GK 2,South Delhi,M-Block Market GK2,Greater Kailash Metro,1600,"Pan-Asian, North Indian, Continental",Mains & Curries,Hakka Noodles,340,Classic wok-tossed thin wheat noodles with julienned vegetables and light soy sauce,true,false
Wok in the Clouds,GK 2,South Delhi,M-Block Market GK2,Greater Kailash Metro,1600,"Pan-Asian, North Indian, Continental",Mains & Curries,Butter Garlic Naan,110,Clay oven baked refined flour bread brushed with melted butter and roasted garlic bits,true,false
Wok in the Clouds,GK 2,South Delhi,M-Block Market GK2,Greater Kailash Metro,1600,"Pan-Asian, North Indian, Continental",Beverages,Fresh Lime Soda,140,Freshly squeezed lemon juice with chilled sparkling soda and choice of sweet or salted syrup,true,false
Wok in the Clouds,GK 2,South Delhi,M-Block Market GK2,Greater Kailash Metro,1600,"Pan-Asian, North Indian, Continental",Desserts,Sizzling Brownie with Ice Cream,320,Hot walnut chocolate brownie served on a cast iron platter with vanilla scoop and hot fudge,true,true
Chungwa,GK 2,South Delhi,M-Block Market GK2,Greater Kailash Metro,1200,"Indo-Chinese, Chinese, Asian",Starters & Appetizers,Drums of Heaven,420,"Crispy fried chicken lollipops tossed in a sweet, sour, and spicy Hong Kong style sauce",false,true
Chungwa,GK 2,South Delhi,M-Block Market GK2,Greater Kailash Metro,1200,"Indo-Chinese, Chinese, Asian",Starters & Appetizers,Crispy Honey Chili Potatoes,320,"Double-fried crisp potato fingers glazed in honey, sesame seeds, and red chili paste",true,false
Chungwa,GK 2,South Delhi,M-Block Market GK2,Greater Kailash Metro,1200,"Indo-Chinese, Chinese, Asian",Starters & Appetizers,Steamed Chicken Dim Sum (6 pcs),380,Classic thin-skinned minced chicken dumplings served with spicy garlic chili oil,false,true
Chungwa,GK 2,South Delhi,M-Block Market GK2,Greater Kailash Metro,1200,"Indo-Chinese, Chinese, Asian",Mains & Chinese Gravies,Chilli Chicken Gravy,460,"Tender chicken morsels cooked with diced onions, capsicum, and dark soya garlic gravy",false,true
Chungwa,GK 2,South Delhi,M-Block Market GK2,Greater Kailash Metro,1200,"Indo-Chinese, Chinese, Asian",Mains & Chinese Gravies,Manchurian Vegetable Gravy,380,"Golden fried vegetable dumplings simmered in a savory garlic, ginger, and coriander brown sauce",true,false
Chungwa,GK 2,South Delhi,M-Block Market GK2,Greater Kailash Metro,1200,"Indo-Chinese, Chinese, Asian",Mains & Chinese Gravies,Prawn in Hot Garlic Sauce,620,"Juicy tiger prawns tossed with fiery red chili paste, minced garlic, and scallions",false,false
Chungwa,GK 2,South Delhi,M-Block Market GK2,Greater Kailash Metro,1200,"Indo-Chinese, Chinese, Asian",Breads & Rice,Chili Garlic Hakka Noodles,310,"Stir-fried noodles with shredded cabbage, carrots, chili flakes, and burnt garlic",true,false
Chungwa,GK 2,South Delhi,M-Block Market GK2,Greater Kailash Metro,1200,"Indo-Chinese, Chinese, Asian",Breads & Rice,Egg Fried Rice,320,"Wok-tossed long-grain basmati rice with scrambled egg ribbons, green peas, and scallions",false,false
Chungwa,GK 2,South Delhi,M-Block Market GK2,Greater Kailash Metro,1200,"Indo-Chinese, Chinese, Asian",Desserts,Date Pancake with Ice Cream,280,"Crispy fried Chinese pancake stuffed with sweet date paste, served with vanilla ice cream",true,true
Sagar Ratna,GK 2,South Delhi,M-Block Market GK2,Greater Kailash Metro,650,"South Indian, Pure Vegetarian",Starters & Appetizers,Rava Masala Dosa,215,"Crispy semolina crepe tempered with mustard and ginger, filled with spiced mashed potatoes",true,true
Sagar Ratna,GK 2,South Delhi,M-Block Market GK2,Greater Kailash Metro,650,"South Indian, Pure Vegetarian",Starters & Appetizers,Mysore Masala Dosa,230,Crispy golden crepe lined with spicy red garlic chili chutney and filled with potato masala,true,true
Sagar Ratna,GK 2,South Delhi,M-Block Market GK2,Greater Kailash Metro,650,"South Indian, Pure Vegetarian",Starters & Appetizers,Sambar Vada (2 pcs),150,Deep fried crispy lentil donuts dunked in piping hot aromatic lentil and drumstick sambar,true,false
Sagar Ratna,GK 2,South Delhi,M-Block Market GK2,Greater Kailash Metro,650,"South Indian, Pure Vegetarian",Starters & Appetizers,Dahi Vada,160,"Soft lentil dumplings soaked in creamy sweet beaten yogurt, sprinkled with roasted cumin and boondi",true,false
Sagar Ratna,GK 2,South Delhi,M-Block Market GK2,Greater Kailash Metro,650,"South Indian, Pure Vegetarian",Mains & Thalis,Deluxe South Indian Thali,320,"Complete meal with 2 puris, rice, sambar, rasam, kootu, poriyal, curd, papad, and payasam",true,true
Sagar Ratna,GK 2,South Delhi,M-Block Market GK2,Greater Kailash Metro,650,"South Indian, Pure Vegetarian",Mains & Thalis,Tomato Onion Uttapam,210,"Thick fermented rice and lentil pancake topped with juicy tomatoes, onions, and green chilies",true,false
Sagar Ratna,GK 2,South Delhi,M-Block Market GK2,Greater Kailash Metro,650,"South Indian, Pure Vegetarian",Mains & Thalis,Bisi Bele Bath,185,"Spiced rice and lentil porridge cooked with vegetables, tamarind, and desi ghee",true,false
Sagar Ratna,GK 2,South Delhi,M-Block Market GK2,Greater Kailash Metro,650,"South Indian, Pure Vegetarian",Beverages,Madras Filter Coffee,85,Traditional South Indian frothy filter coffee served piping hot in a brass davara tumbler,true,true
Sagar Ratna,GK 2,South Delhi,M-Block Market GK2,Greater Kailash Metro,650,"South Indian, Pure Vegetarian",Desserts,Hot Badam Halwa,160,"Rich royal Indian dessert made from blanched almonds, milk, sugar, and generous desi ghee",true,true
Spago,GK 2,South Delhi,M-Block Market GK2,Greater Kailash Metro,1700,"Italian, Continental, Mediterranean",Starters & Appetizers,Bruschetta con Funghi,395,"Toasted country bread topped with sautéed wild mushrooms, thyme, and mozzarella",true,false
Spago,GK 2,South Delhi,M-Block Market GK2,Greater Kailash Metro,1700,"Italian, Continental, Mediterranean",Starters & Appetizers,Calamari Fritti,525,Crisp golden fried squid rings tossed in lemon sea salt and served with tartar sauce,false,true
Spago,GK 2,South Delhi,M-Block Market GK2,Greater Kailash Metro,1700,"Italian, Continental, Mediterranean",Starters & Appetizers,Caprese Salad,445,"Thick slices of fresh bocconcini mozzarella, ripe vine tomatoes, basil oil, and balsamic glaze",true,false
Spago,GK 2,South Delhi,M-Block Market GK2,Greater Kailash Metro,1700,"Italian, Continental, Mediterranean","Mains, Pizzas & Pastas",Spago Special Thin Crust Pizza,645,"Signature hand-stretched pizza with sun-dried tomatoes, roasted peppers, jalapenos, and feta",true,true
Spago,GK 2,South Delhi,M-Block Market GK2,Greater Kailash Metro,1700,"Italian, Continental, Mediterranean","Mains, Pizzas & Pastas",Fettuccine Alfredo con Pollo,595,Flat thick pasta ribbons tossed in a rich parmesan cream sauce with grilled chicken breast,false,true
Spago,GK 2,South Delhi,M-Block Market GK2,Greater Kailash Metro,1700,"Italian, Continental, Mediterranean","Mains, Pizzas & Pastas",Spaghetti Aglio Olio e Peperoncino,495,"Spaghetti tossed in extra virgin olive oil, golden garlic slivers, red chili flakes, and parsley",true,false
Spago,GK 2,South Delhi,M-Block Market GK2,Greater Kailash Metro,1700,"Italian, Continental, Mediterranean","Mains, Pizzas & Pastas",Pollo al Cacciatore,695,"Rustic hunter-style braised chicken with tomatoes, bell peppers, capers, and herbs",false,false
Spago,GK 2,South Delhi,M-Block Market GK2,Greater Kailash Metro,1700,"Italian, Continental, Mediterranean",Beverages,Peach Iced Tea,220,House-brewed black tea infused with sweet white peach syrup and fresh mint leaves,true,false
Spago,GK 2,South Delhi,M-Block Market GK2,Greater Kailash Metro,1700,"Italian, Continental, Mediterranean",Desserts,Chocolate Molten Cake,365,"Warm chocolate sponge with a flowing liquid truffle center, served with vanilla scoop",true,true
Dana Choga,GK 2,South Delhi,M-Block Market GK2,Greater Kailash Metro,1000,"North Indian, Mughlai, Tandoori",Starters & Appetizers,Murgh Malai Tikka,440,"Creamy boneless chicken kebabs marinated in cream cheese, mild cardamom, and hung yogurt",false,true
Dana Choga,GK 2,South Delhi,M-Block Market GK2,Greater Kailash Metro,1000,"North Indian, Mughlai, Tandoori",Starters & Appetizers,Dahi Ke Kebab,340,"Crispy shallow fried patties made from spiced hung yogurt and paneer, soft on the inside",true,true
Dana Choga,GK 2,South Delhi,M-Block Market GK2,Greater Kailash Metro,1000,"North Indian, Mughlai, Tandoori",Starters & Appetizers,Amritsari Fish Fry,520,"Boneless river sole fillets marinated in ajwain, gram flour, and lemon juice, fried crisp",false,false
Dana Choga,GK 2,South Delhi,M-Block Market GK2,Greater Kailash Metro,1000,"North Indian, Mughlai, Tandoori",Mains & Curries,Dana Choga Special Butter Chicken,520,Succulent shredded tandoori chicken simmered in our legendary silky tomato butter sauce,false,true
Dana Choga,GK 2,South Delhi,M-Block Market GK2,Greater Kailash Metro,1000,"North Indian, Mughlai, Tandoori",Mains & Curries,Dal Dana Choga,360,Signature slow-cooked black lentils simmered overnight with tomatoes and churned butter,true,true
Dana Choga,GK 2,South Delhi,M-Block Market GK2,Greater Kailash Metro,1000,"North Indian, Mughlai, Tandoori",Mains & Curries,Paneer Lababdar,410,Soft cottage cheese chunks cooked in an aromatic tomato and onion gravy with grated paneer,true,false
Dana Choga,GK 2,South Delhi,M-Block Market GK2,Greater Kailash Metro,1000,"North Indian, Mughlai, Tandoori",Mains & Curries,Dum Gosht Biryani,520,Fragrant basmati rice layered with spiced marinated goat meat and cooked on dum with mint,false,true
Dana Choga,GK 2,South Delhi,M-Block Market GK2,Greater Kailash Metro,1000,"North Indian, Mughlai, Tandoori",Mains & Curries,Garlic Naan,95,Leavened tandoor bread brushed with melted butter and fresh minced garlic,true,false
Dana Choga,GK 2,South Delhi,M-Block Market GK2,Greater Kailash Metro,1000,"North Indian, Mughlai, Tandoori",Desserts,Phirni in Shikora,140,"Traditional Kashmiri ground rice pudding flavored with saffron, green cardamom, and almonds",true,true
You Mee,GK 2,South Delhi,M-Block Market GK2,Greater Kailash Metro,1800,"Japanese, Sushi, Dim Sum, Ramen",Starters & Dim Sum,New York Cheese & Truffle Dim Sum (4 pcs),445,"Translucent steamed dumplings stuffed with Philadelphia cream cheese, water chestnuts, and truffle oil",true,true
You Mee,GK 2,South Delhi,M-Block Market GK2,Greater Kailash Metro,1800,"Japanese, Sushi, Dim Sum, Ramen",Starters & Dim Sum,Prawn & Chive Dim Sum (4 pcs),495,Juicy whole chopped prawns and fresh garlic chives encased in delicate dumpling skin,false,false
You Mee,GK 2,South Delhi,M-Block Market GK2,Greater Kailash Metro,1800,"Japanese, Sushi, Dim Sum, Ramen",Starters & Dim Sum,Spicy Chicken Baos (2 pcs),425,"Fluffy open lotus buns filled with crispy panko fried chicken, sriracha mayo, and pickled cucumbers",false,true
You Mee,GK 2,South Delhi,M-Block Market GK2,Greater Kailash Metro,1800,"Japanese, Sushi, Dim Sum, Ramen",Starters & Dim Sum,Crispy Prawn California Roll (8 pcs),675,"Inside-out sushi roll with crispy prawn tempura, cucumber, avocado, and spicy mayonnaise",false,true
You Mee,GK 2,South Delhi,M-Block Market GK2,Greater Kailash Metro,1800,"Japanese, Sushi, Dim Sum, Ramen","Mains, Ramen & Curries",You Mee Signature Chicken Ramen,650,"Rich chicken paitan broth with wavy noodles, braised chicken, bamboo shoots, and soft-boiled egg",false,true
You Mee,GK 2,South Delhi,M-Block Market GK2,Greater Kailash Metro,1800,"Japanese, Sushi, Dim Sum, Ramen","Mains, Ramen & Curries",Kimchi & Tofu Ramen,560,"Spicy fermented kimchi and dashi broth served with ramen noodles, grilled tofu, and scallions",true,false
You Mee,GK 2,South Delhi,M-Block Market GK2,Greater Kailash Metro,1800,"Japanese, Sushi, Dim Sum, Ramen","Mains, Ramen & Curries",Thai Red Curry with Steamed Rice,595,"Coconut milk curry flavored with kaffir lime, galangal, and red chilies, served with jasmine rice",true,false
You Mee,GK 2,South Delhi,M-Block Market GK2,Greater Kailash Metro,1800,"Japanese, Sushi, Dim Sum, Ramen",Beverages,Tokyo Berry Boba Iced Tea,285,Chilled fruity brewed tea with tapioca boba pearls and sweet strawberry essence,true,false
You Mee,GK 2,South Delhi,M-Block Market GK2,Greater Kailash Metro,1800,"Japanese, Sushi, Dim Sum, Ramen",Desserts,Coconut Mango Panna Cotta,360,Creamy coconut milk panna cotta topped with Alphonso mango puree and toasted coconut flakes,true,true
Tossin Pizza,GK 2,South Delhi,M-Block Market GK2,Greater Kailash Metro,1100,"Gourmet Pizza, Italian, Fast Food",Starters & Appetizers,Cheesy Garlic Breadsticks,249,Freshly baked dough sticks brushed with garlic butter and loaded with melted mozzarella,true,false
Tossin Pizza,GK 2,South Delhi,M-Block Market GK2,Greater Kailash Metro,1100,"Gourmet Pizza, Italian, Fast Food",Starters & Appetizers,Peri Peri Chicken Wings (6 pcs),329,Oven-roasted chicken wings seasoned in hot African peri peri spice blend,false,true
Tossin Pizza,GK 2,South Delhi,M-Block Market GK2,Greater Kailash Metro,1100,"Gourmet Pizza, Italian, Fast Food",Starters & Appetizers,Stuffed Paneer Calzone,299,"Folded pocket pizza stuffed with spicy marinated paneer, onions, and gooey mozzarella",true,false
Tossin Pizza,GK 2,South Delhi,M-Block Market GK2,Greater Kailash Metro,1100,"Gourmet Pizza, Italian, Fast Food","Mains, Pizzas & Pastas",Peri Peri Veg Pizza,499,"Artisanal hand-stretched pizza with sun-dried tomatoes, mushrooms, bell peppers, and peri peri sauce",true,true
Tossin Pizza,GK 2,South Delhi,M-Block Market GK2,Greater Kailash Metro,1100,"Gourmet Pizza, Italian, Fast Food","Mains, Pizzas & Pastas",Yo Yo Mutton Pizza,649,"Loaded gourmet pizza topped with spicy minced mutton keema, sliced chorizo, and fresh basil",false,true
Tossin Pizza,GK 2,South Delhi,M-Block Market GK2,Greater Kailash Metro,1100,"Gourmet Pizza, Italian, Fast Food","Mains, Pizzas & Pastas",Signature Rome's Margherita Pizza,429,"Classic thin crust pizza with Italian plum tomato sauce, fresh bocconcini, and extra virgin olive oil",true,false
Tossin Pizza,GK 2,South Delhi,M-Block Market GK2,Greater Kailash Metro,1100,"Gourmet Pizza, Italian, Fast Food","Mains, Pizzas & Pastas",Creamy Truffle Penne,449,Penne pasta tossed in an indulgent white wine parmesan sauce with subtle black truffle oil,true,false
Tossin Pizza,GK 2,South Delhi,M-Block Market GK2,Greater Kailash Metro,1100,"Gourmet Pizza, Italian, Fast Food",Beverages,Chocolate Mudshake,229,Thick blended chocolate milkshake topped with whipped cream and chocolate fudge syrup,true,false
Tossin Pizza,GK 2,South Delhi,M-Block Market GK2,Greater Kailash Metro,1100,"Gourmet Pizza, Italian, Fast Food",Desserts,Choco Lava Cake,149,Warm chocolate sponge cake filled with molten chocolate that oozes out upon cutting,true,true
Baking Bad,GK 2,South Delhi,M-Block Market GK2,Greater Kailash Metro,1200,"Gourmet Wood-Fired Pizza, Sliders, Italian",Starters & Appetizers,Truffle & Parmesan Pull-Apart Garlic Bread,290,"Wood-fired sourdough knots tossed in garlic herb butter, grated parmesan, and truffle drizzle",true,true
Baking Bad,GK 2,South Delhi,M-Block Market GK2,Greater Kailash Metro,1200,"Gourmet Wood-Fired Pizza, Sliders, Italian",Starters & Appetizers,Crispy Hot Honey Chicken Tenders,360,Crumb-coated fried chicken strips drizzled with house hot honey and served with ranch,false,true
Baking Bad,GK 2,South Delhi,M-Block Market GK2,Greater Kailash Metro,1200,"Gourmet Wood-Fired Pizza, Sliders, Italian",Starters & Appetizers,Jalapeno & Cream Cheese Poppers,280,Crispy fried golden spheres packed with spicy chopped jalapenos and molten cream cheese,true,false
Baking Bad,GK 2,South Delhi,M-Block Market GK2,Greater Kailash Metro,1200,"Gourmet Wood-Fired Pizza, Sliders, Italian","Mains, Pizzas & Sliders",The Heisenberg Pizza,580,"Signature thin-crust pizza with smoked pepperoni, bacon jam, barbecue drizzle, and fresh mozzarella",false,true
Baking Bad,GK 2,South Delhi,M-Block Market GK2,Greater Kailash Metro,1200,"Gourmet Wood-Fired Pizza, Sliders, Italian","Mains, Pizzas & Sliders",Hot Honey & Burrata Pizza,560,"Neapolitan style crust with San Marzano sauce, fresh artisanal burrata, hot chili honey, and basil",true,true
Baking Bad,GK 2,South Delhi,M-Block Market GK2,Greater Kailash Metro,1200,"Gourmet Wood-Fired Pizza, Sliders, Italian","Mains, Pizzas & Sliders",Wild Mushroom Bianca Pizza,520,"White base pizza topped with sautéed portobello, button mushrooms, goat cheese, and rosemary",true,false
Baking Bad,GK 2,South Delhi,M-Block Market GK2,Greater Kailash Metro,1200,"Gourmet Wood-Fired Pizza, Sliders, Italian","Mains, Pizzas & Sliders",Crispy Buttermilk Chicken Sliders (2 pcs),390,"Mini brioche buns with southern fried chicken, spicy chipotle slaw, and dill pickles",false,false
Baking Bad,GK 2,South Delhi,M-Block Market GK2,Greater Kailash Metro,1200,"Gourmet Wood-Fired Pizza, Sliders, Italian",Beverages,Cold Brew Tonic,240,16-hour slow steeped specialty coffee topped with premium sparkling Indian tonic water,true,false
Baking Bad,GK 2,South Delhi,M-Block Market GK2,Greater Kailash Metro,1200,"Gourmet Wood-Fired Pizza, Sliders, Italian",Desserts,Nutella Calzone with Marshmallows,340,Warm folded wood-fired sweet crust oozing with molten Nutella and toasted mini marshmallows,true,true
Madam Chow,GK 2,South Delhi,M-Block Market GK2,Greater Kailash Metro,1400,"Chinese, Cantonese, Indo-Chinese",Starters & Appetizers,Cantonese Prawn Dumpling (4 pcs),460,Juicy steamed whole crystal prawn dumplings served with traditional chili ginger dip,false,true
Madam Chow,GK 2,South Delhi,M-Block Market GK2,Greater Kailash Metro,1400,"Chinese, Cantonese, Indo-Chinese",Starters & Appetizers,Crispy Silken Salt & Pepper Tofu,360,Lightly battered silken tofu cubes fried crisp and tossed with crushed black pepper and scallions,true,false
Madam Chow,GK 2,South Delhi,M-Block Market GK2,Greater Kailash Metro,1400,"Chinese, Cantonese, Indo-Chinese",Starters & Appetizers,Kolkata Style Tangra Chili Chicken,420,"Spicy chicken pieces tossed in wok with dark soya, slit green chilies, and onion cubes",false,true
Madam Chow,GK 2,South Delhi,M-Block Market GK2,Greater Kailash Metro,1400,"Chinese, Cantonese, Indo-Chinese",Mains & Chinese Gravies,General Tso's Chicken,480,"Crispy diced chicken glazed in a sweet, savory, and spicy ginger garlic reduction",false,true
Madam Chow,GK 2,South Delhi,M-Block Market GK2,Greater Kailash Metro,1400,"Chinese, Cantonese, Indo-Chinese",Mains & Chinese Gravies,Mapo Tofu with Minced Mushroom,410,Silken tofu simmered in authentic Sichuan fermented bean paste with chili oil and Sichuan pepper,true,true
Madam Chow,GK 2,South Delhi,M-Block Market GK2,Greater Kailash Metro,1400,"Chinese, Cantonese, Indo-Chinese",Mains & Chinese Gravies,Fish in XO Sauce,590,Tender river sole fillets stir-fried in rich umami seafood XO sauce with snow peas,false,false
Madam Chow,GK 2,South Delhi,M-Block Market GK2,Greater Kailash Metro,1400,"Chinese, Cantonese, Indo-Chinese",Breads & Rice,Yangzhou Wok Fried Rice,380,"Fluffy long grain rice tossed with chicken shreds, eggs, and sweet peas",false,false
Madam Chow,GK 2,South Delhi,M-Block Market GK2,Greater Kailash Metro,1400,"Chinese, Cantonese, Indo-Chinese",Breads & Rice,Pan-Fried Crispy Noodles in White Garlic Gravy,390,Bed of crispy pan-fried wheat noodles topped with stir-fried Chinese vegetables and garlic sauce,true,false
Madam Chow,GK 2,South Delhi,M-Block Market GK2,Greater Kailash Metro,1400,"Chinese, Cantonese, Indo-Chinese",Desserts,Honey Darsaan with Vanilla Ice Cream,260,"Crisp fried flat pastry ribbons tossed in warm honey and sesame seeds, paired with vanilla scoop",true,true
Nik Baker's,GK 2,South Delhi,M-Block Market GK2,Greater Kailash Metro,900,"Bakery, European Cafe, All-Day Breakfast, Desserts",Starters & Appetizers,Chicken Sausage Croissant,240,"Flaky butter croissant stuffed with grilled chicken sausage, mustard, and melted cheddar",false,false
Nik Baker's,GK 2,South Delhi,M-Block Market GK2,Greater Kailash Metro,900,"Bakery, European Cafe, All-Day Breakfast, Desserts",Starters & Appetizers,Mushroom & Cheese Quiche,220,Crumbly savory shortcrust pastry tart filled with sautéed mushrooms and creamy egg custard,true,false
Nik Baker's,GK 2,South Delhi,M-Block Market GK2,Greater Kailash Metro,900,"Bakery, European Cafe, All-Day Breakfast, Desserts",Starters & Appetizers,Cheese Garlic Bread Roll,190,Soft oven-baked bread bun drenched in roasted garlic butter and loaded with stringy cheese,true,false
Nik Baker's,GK 2,South Delhi,M-Block Market GK2,Greater Kailash Metro,900,"Bakery, European Cafe, All-Day Breakfast, Desserts","Mains, Sandwiches & Pastas",Grilled Chicken Pesto Panini,390,"Warm pressed ciabatta panini filled with grilled chicken breast, house basil pesto, and mozzarella",false,true
Nik Baker's,GK 2,South Delhi,M-Block Market GK2,Greater Kailash Metro,900,"Bakery, European Cafe, All-Day Breakfast, Desserts","Mains, Sandwiches & Pastas",Creamy Tomato Penne Pasta,380,"Penne pasta in a rich pink aurora sauce with bell peppers, olives, and parmesan shavings",true,false
Nik Baker's,GK 2,South Delhi,M-Block Market GK2,Greater Kailash Metro,900,"Bakery, European Cafe, All-Day Breakfast, Desserts","Mains, Sandwiches & Pastas",English Breakfast Platter,460,"Eggs of choice with chicken sausages, grilled bacon, hash brown, baked beans, and butter toast",false,true
Nik Baker's,GK 2,South Delhi,M-Block Market GK2,Greater Kailash Metro,900,"Bakery, European Cafe, All-Day Breakfast, Desserts",Beverages & Shakes,Nik's Signature Chocolate Shake,290,Thick decadent chocolate milkshake made with real chocolate fudge and vanilla ice cream,true,true
Nik Baker's,GK 2,South Delhi,M-Block Market GK2,Greater Kailash Metro,900,"Bakery, European Cafe, All-Day Breakfast, Desserts",Beverages & Shakes,Hazelnut Cappuccino,210,Hot espresso with steamed milk foam and sweet roasted hazelnut syrup,true,false
Nik Baker's,GK 2,South Delhi,M-Block Market GK2,Greater Kailash Metro,900,"Bakery, European Cafe, All-Day Breakfast, Desserts",Desserts & Cakes,Red Velvet Cake Slice,240,Rich ruby-colored cocoa sponge layered with authentic silky Philadelphia cream cheese frosting,true,true
Nik Baker's,GK 2,South Delhi,M-Block Market GK2,Greater Kailash Metro,900,"Bakery, European Cafe, All-Day Breakfast, Desserts",Desserts & Cakes,New York Blueberry Cheesecake,270,Classic dense baked cream cheese cake topped with sweet-tart imported blueberry compote,true,true
Theos,GK 2,South Delhi,M-Block Market GK2,Greater Kailash Metro,1200,"Patisserie, Italian, Cafe, Bakery",Starters & Appetizers,Roasted Chicken Puff,195,Flaky golden puff pastry filled with spiced shredded roasted chicken and onions,false,false
Theos,GK 2,South Delhi,M-Block Market GK2,Greater Kailash Metro,1200,"Patisserie, Italian, Cafe, Bakery",Starters & Appetizers,Spinach and Corn Tart,185,"Shortcrust tart shell filled with creamy sautéed spinach, sweet corn, and melted cheddar",true,false
Theos,GK 2,South Delhi,M-Block Market GK2,Greater Kailash Metro,1200,"Patisserie, Italian, Cafe, Bakery",Starters & Appetizers,Jalapeno Cheese Cigar Rolls,295,Crispy fried golden pastry rolls stuffed with fiery jalapenos and melting mozzarella,true,false
Theos,GK 2,South Delhi,M-Block Market GK2,Greater Kailash Metro,1200,"Patisserie, Italian, Cafe, Bakery","Mains, Pastas & Pizzas",Theos Penne Alfredo con Pollo,495,Al dente penne pasta in a creamy parmesan and garlic cream sauce with grilled chicken breast,false,true
Theos,GK 2,South Delhi,M-Block Market GK2,Greater Kailash Metro,1200,"Patisserie, Italian, Cafe, Bakery","Mains, Pastas & Pizzas",Classic Veg Lasagna,475,"Baked layers of fresh pasta sheets, seasonal vegetables, bechamel sauce, and mozzarella",true,true
Theos,GK 2,South Delhi,M-Block Market GK2,Greater Kailash Metro,1200,"Patisserie, Italian, Cafe, Bakery","Mains, Pastas & Pizzas",Four Cheese Thin Crust Pizza,545,"Crisp hand-rolled crust topped with mozzarella, cheddar, gorgonzola, and fresh parmesan",true,false
Theos,GK 2,South Delhi,M-Block Market GK2,Greater Kailash Metro,1200,"Patisserie, Italian, Cafe, Bakery",Beverages,Iced Belgian Mocha,265,Cold brewed espresso blended with rich Belgian dark chocolate ganache and cold milk,true,false
Theos,GK 2,South Delhi,M-Block Market GK2,Greater Kailash Metro,1200,"Patisserie, Italian, Cafe, Bakery",Desserts & Patisserie,Lotus Biscoff Cheesecake,345,Decadent baked cheesecake layered with crunchy Lotus Biscoff cookie spread and biscuit base,true,true
Theos,GK 2,South Delhi,M-Block Market GK2,Greater Kailash Metro,1200,"Patisserie, Italian, Cafe, Bakery",Desserts & Patisserie,Dutch Truffle Pastry,245,Moist dark chocolate sponge coated in a silky smooth 55% dark chocolate ganache,true,true
Whipped,GK 2,South Delhi,M-Block Market GK2,Greater Kailash Metro,800,"Cheesecakes, Bakery, Desserts, Shakes",Starters & Savouries,Classic Chicken Pot Pie,240,Individual golden puff pastry crust filled with tender chicken cubes and vegetable cream stew,false,false
Whipped,GK 2,South Delhi,M-Block Market GK2,Greater Kailash Metro,800,"Cheesecakes, Bakery, Desserts, Shakes",Starters & Savouries,Herb Cheese Garlic Loaf,190,"Warm pull-apart mini baguette infused with garlic butter and parsley, stuffed with cheese",true,false
Whipped,GK 2,South Delhi,M-Block Market GK2,Greater Kailash Metro,800,"Cheesecakes, Bakery, Desserts, Shakes",Beverages & Shakes,Biscoff Thick Shake,290,"Ultra thick shake churned with real speculoos spread, milk, and vanilla ice cream",true,true
Whipped,GK 2,South Delhi,M-Block Market GK2,Greater Kailash Metro,800,"Cheesecakes, Bakery, Desserts, Shakes",Beverages & Shakes,Dark Chocolate Mocha Frappe,270,"Blended iced espresso with premium dark cocoa and crushed ice, topped with whipped cream",true,false
Whipped,GK 2,South Delhi,M-Block Market GK2,Greater Kailash Metro,800,"Cheesecakes, Bakery, Desserts, Shakes",Desserts & Cheesecakes,New York Baked Cheesecake,295,Authentic dense and rich Philadelphia cream cheese baked cake on a graham cracker crust,true,true
Whipped,GK 2,South Delhi,M-Block Market GK2,Greater Kailash Metro,800,"Cheesecakes, Bakery, Desserts, Shakes",Desserts & Cheesecakes,Red Velvet Baked Cheesecake,310,Vibrant red cocoa sponge layered with rich baked New York cream cheese,true,true
Whipped,GK 2,South Delhi,M-Block Market GK2,Greater Kailash Metro,800,"Cheesecakes, Bakery, Desserts, Shakes",Desserts & Cheesecakes,Nutella Hazelnut Cheesecake,325,Decadent cream cheese cake loaded with thick Nutella swirl and roasted hazelnut praline,true,true
Whipped,GK 2,South Delhi,M-Block Market GK2,Greater Kailash Metro,800,"Cheesecakes, Bakery, Desserts, Shakes",Desserts & Cheesecakes,Fresh Blueberry Cold Cheesecake,285,No-bake light cream cheese mousse cake crowned with glossy blueberry compote,true,false
Whipped,GK 2,South Delhi,M-Block Market GK2,Greater Kailash Metro,800,"Cheesecakes, Bakery, Desserts, Shakes",Desserts & Cheesecakes,Belgian Chocolate Waffle,260,Freshly baked crisp Belgian waffle smothered in warm melted dark and milk chocolate ganache,true,true
Bread & More,GK 2,South Delhi,M-Block Market GK2,Greater Kailash Metro,850,"French Patisserie, Bakery, Cafe, Coffee",Starters & Appetizers,Butter Croissant,140,Classic French laminated pastry baked to golden flaky perfection with pure New Zealand butter,true,true
Bread & More,GK 2,South Delhi,M-Block Market GK2,Greater Kailash Metro,850,"French Patisserie, Bakery, Cafe, Coffee",Starters & Appetizers,Chicken Tikka Brioche Roll,210,Soft sweet buttery brioche bun stuffed with spiced tandoori chicken tikka filling,false,false
Bread & More,GK 2,South Delhi,M-Block Market GK2,Greater Kailash Metro,850,"French Patisserie, Bakery, Cafe, Coffee",Starters & Appetizers,Mushroom & Truffle Tart,190,Crisp shortcrust tart filled with wild mushroom duxelles and subtle truffle essence,true,false
Bread & More,GK 2,South Delhi,M-Block Market GK2,Greater Kailash Metro,850,"French Patisserie, Bakery, Cafe, Coffee",Mains & Sandwiches,Roast Chicken & Mustard Baguette,340,"Crispy French baguette sandwich with shredded roasted chicken, dijon mustard, and greens",false,true
Bread & More,GK 2,South Delhi,M-Block Market GK2,Greater Kailash Metro,850,"French Patisserie, Bakery, Cafe, Coffee",Mains & Sandwiches,Caprese Panini with Pesto,310,"Grilled panini sandwich with fresh buffalo mozzarella slices, vine tomatoes, and basil pesto",true,false
Bread & More,GK 2,South Delhi,M-Block Market GK2,Greater Kailash Metro,850,"French Patisserie, Bakery, Cafe, Coffee",Beverages,French Vanilla Latte,210,Double shot of espresso combined with steamed milk and delicate French vanilla syrup,true,false
Bread & More,GK 2,South Delhi,M-Block Market GK2,Greater Kailash Metro,850,"French Patisserie, Bakery, Cafe, Coffee",Beverages,Classic Hot Chocolate,230,"Thick melted Parisian style chocolate whisked with hot milk, topped with cocoa dusting",true,false
Bread & More,GK 2,South Delhi,M-Block Market GK2,Greater Kailash Metro,850,"French Patisserie, Bakery, Cafe, Coffee",Desserts & Patisserie,Pain Au Chocolat,160,Flaky layered French puff pastry with two batons of rich semi-sweet dark chocolate inside,true,true
Bread & More,GK 2,South Delhi,M-Block Market GK2,Greater Kailash Metro,850,"French Patisserie, Bakery, Cafe, Coffee",Desserts & Patisserie,Lemon Meringue Tartlet,220,Sweet butter pastry shell filled with zesty lemon curd and topped with toasted meringue peaks,true,true
Bread & More,GK 2,South Delhi,M-Block Market GK2,Greater Kailash Metro,850,"French Patisserie, Bakery, Cafe, Coffee",Desserts & Patisserie,Opera Gateau Slice,240,"Almond sponge cake soaked in coffee syrup, layered with ganache and coffee buttercream",true,true
Blue Tokai Coffee Roasters,GK 2,South Delhi,M-Block Market GK2,Greater Kailash Metro,800,"Specialty Coffee, Cafe, Continental",Starters & Appetizers,Truffled Mushroom Sourdough Toast,360,"Artisanal toasted sourdough topped with garlic sautéed button mushrooms, feta, and truffle oil",true,true
Blue Tokai Coffee Roasters,GK 2,South Delhi,M-Block Market GK2,Greater Kailash Metro,800,"Specialty Coffee, Cafe, Continental",Starters & Appetizers,Guacamole on Sourdough,340,"Crushed Hass avocado with lime, sea salt, and chili flakes on artisanal sourdough toast",true,false
Blue Tokai Coffee Roasters,GK 2,South Delhi,M-Block Market GK2,Greater Kailash Metro,800,"Specialty Coffee, Cafe, Continental",Starters & Appetizers,Ham & Cheese Croissant,320,Flaky butter croissant filled with smoked chicken ham and melted aged gouda cheese,false,false
Blue Tokai Coffee Roasters,GK 2,South Delhi,M-Block Market GK2,Greater Kailash Metro,800,"Specialty Coffee, Cafe, Continental",Mains & Sandwiches,Roast Chicken Sourdough Sandwich,390,"Slow-roasted pulled chicken with caramelized onions, mustard mayo, and rocket leaves",false,true
Blue Tokai Coffee Roasters,GK 2,South Delhi,M-Block Market GK2,Greater Kailash Metro,800,"Specialty Coffee, Cafe, Continental",Mains & Sandwiches,Pesto Paneer Sourdough Sandwich,350,Grilled paneer steaks with fresh basil walnut pesto and sundried tomatoes,true,false
Blue Tokai Coffee Roasters,GK 2,South Delhi,M-Block Market GK2,Greater Kailash Metro,800,"Specialty Coffee, Cafe, Continental",Beverages & Specialty Coffee,Pourover (Custom Roast),220,Single-origin pour-over brewed manually using a V60 dripper highlighting delicate floral notes,true,true
Blue Tokai Coffee Roasters,GK 2,South Delhi,M-Block Market GK2,Greater Kailash Metro,800,"Specialty Coffee, Cafe, Continental",Beverages & Specialty Coffee,Iced Vietnamese Style Coffee,240,Strong double espresso shot poured over ice and sweetened with creamy condensed milk,true,true
Blue Tokai Coffee Roasters,GK 2,South Delhi,M-Block Market GK2,Greater Kailash Metro,800,"Specialty Coffee, Cafe, Continental",Beverages & Specialty Coffee,Flat White,210,Double ristretto espresso shot blended with silky micro-foamed hot whole milk,true,false
Blue Tokai Coffee Roasters,GK 2,South Delhi,M-Block Market GK2,Greater Kailash Metro,800,"Specialty Coffee, Cafe, Continental",Desserts,Sea Salt Chocolate Chunk Cookie,160,Chewy freshly baked giant chocolate chip cookie sprinkled with Maldon sea salt flakes,true,true
Blue Tokai Coffee Roasters,GK 2,South Delhi,M-Block Market GK2,Greater Kailash Metro,800,"Specialty Coffee, Cafe, Continental",Desserts,Almond Butter Croissant,220,Twice-baked butter croissant filled and topped with rich frangipane almond cream and toasted flakes,true,false
Roastery Coffee House,GK 2,South Delhi,M-Block Market GK2,Greater Kailash Metro,1000,"Artisanal Coffee, Continental, European Cafe",Starters & Appetizers,Crispy Onion Rings,240,"Thick cut yellow onions dipped in seasoned batter and fried till extra crispy, with dip",true,false
Roastery Coffee House,GK 2,South Delhi,M-Block Market GK2,Greater Kailash Metro,1000,"Artisanal Coffee, Continental, European Cafe",Starters & Appetizers,Peri Peri Grilled Chicken Skewers,390,Juicy chicken skewers marinated in spicy peri peri marinade and grilled over char,false,true
Roastery Coffee House,GK 2,South Delhi,M-Block Market GK2,Greater Kailash Metro,1000,"Artisanal Coffee, Continental, European Cafe",Starters & Appetizers,Cheesy Loaded Nachos,320,"Crispy corn tortilla chips topped with warm cheese sauce, jalapenos, and tomato salsa",true,false
Roastery Coffee House,GK 2,South Delhi,M-Block Market GK2,Greater Kailash Metro,1000,"Artisanal Coffee, Continental, European Cafe","Mains, Pastas & Burgers",Roastery Classic Chicken Burger,420,"Handmade chicken patty with melted cheddar, grilled onions, lettuce, and house burger sauce",false,true
Roastery Coffee House,GK 2,South Delhi,M-Block Market GK2,Greater Kailash Metro,1000,"Artisanal Coffee, Continental, European Cafe","Mains, Pastas & Burgers",Penne Aglio Olio with Mushrooms,380,"Penne tossed in extra virgin olive oil, sautéed button mushrooms, garlic, and red chili flakes",true,false
Roastery Coffee House,GK 2,South Delhi,M-Block Market GK2,Greater Kailash Metro,1000,"Artisanal Coffee, Continental, European Cafe","Mains, Pastas & Burgers",Chicken Stroganoff with Herbed Rice,480,Tender chicken strips simmered in rich sour cream and mushroom sauce over seasoned herbed rice,false,true
Roastery Coffee House,GK 2,South Delhi,M-Block Market GK2,Greater Kailash Metro,1000,"Artisanal Coffee, Continental, European Cafe",Beverages & Specialty Coffee,Cranberry Coffee,260,Signature chilled double espresso shot layered over crisp tart cranberry juice and ice,true,true
Roastery Coffee House,GK 2,South Delhi,M-Block Market GK2,Greater Kailash Metro,1000,"Artisanal Coffee, Continental, European Cafe",Beverages & Specialty Coffee,Cascara Coffee Cherry Brew,220,Refreshing herbal iced infusion brewed from dried skins of organic coffee cherries,true,false
Roastery Coffee House,GK 2,South Delhi,M-Block Market GK2,Greater Kailash Metro,1000,"Artisanal Coffee, Continental, European Cafe",Beverages & Specialty Coffee,Cortado,190,Equal parts rich espresso and lightly steamed milk for a balanced intense coffee taste,true,false
Roastery Coffee House,GK 2,South Delhi,M-Block Market GK2,Greater Kailash Metro,1000,"Artisanal Coffee, Continental, European Cafe",Desserts,Warm Chocolate Fondant with Gelato,320,"Decadent dark chocolate molten cake with gooey center, served alongside artisanal vanilla gelato",true,true
Prince Paan & Chaat Corner,GK 2,South Delhi,M-Block Market GK2,Greater Kailash Metro,300,"Street Food, Chaat, Desserts, Paan",Starters & Chaat,Dahi Batata Puri,130,"Crisp hollow puris stuffed with boiled potatoes, chickpeas, chilled sweetened curd, and chutneys",true,true
Prince Paan & Chaat Corner,GK 2,South Delhi,M-Block Market GK2,Greater Kailash Metro,300,"Street Food, Chaat, Desserts, Paan",Starters & Chaat,Gol Gappe / Pani Puri (5 pcs),90,"Crisp hollow puris served with spicy mint water, tangy hing water, and spiced potato filling",true,true
Prince Paan & Chaat Corner,GK 2,South Delhi,M-Block Market GK2,Greater Kailash Metro,300,"Street Food, Chaat, Desserts, Paan",Starters & Chaat,Papdi Chaat,130,"Crisp flat savory flour crackers topped with potatoes, whipped curd, saunth, and mint chutney",true,false
Prince Paan & Chaat Corner,GK 2,South Delhi,M-Block Market GK2,Greater Kailash Metro,300,"Street Food, Chaat, Desserts, Paan",Starters & Chaat,Aloo Tikki Chaat,140,"Golden shallow-fried spiced potato cutlets topped with warm spiced chole, curd, and chutneys",true,false
Prince Paan & Chaat Corner,GK 2,South Delhi,M-Block Market GK2,Greater Kailash Metro,300,"Street Food, Chaat, Desserts, Paan",Starters & Chaat,Sev Puri,120,"Crispy papdis topped with spiced potatoes, onions, trio of chutneys, and nylon sev",true,false
Prince Paan & Chaat Corner,GK 2,South Delhi,M-Block Market GK2,Greater Kailash Metro,300,"Street Food, Chaat, Desserts, Paan",Beverages,Fresh Shikanji Soda,80,"Traditional Indian spiced lemonade made with fresh lemons, rock salt, roasted cumin, and soda",true,false
Prince Paan & Chaat Corner,GK 2,South Delhi,M-Block Market GK2,Greater Kailash Metro,300,"Street Food, Chaat, Desserts, Paan",Beverages,Kesar Badam Milk,110,"Chilled sweetened milk infused with real saffron strands, green cardamom, and sliced almonds",true,false
Prince Paan & Chaat Corner,GK 2,South Delhi,M-Block Market GK2,Greater Kailash Metro,300,"Street Food, Chaat, Desserts, Paan",Desserts & Paan,Meetha Paan,60,"Sweet betel leaf folded with gulkand (rose petal preserve), fennel, candied cherries, and spices",true,true
Prince Paan & Chaat Corner,GK 2,South Delhi,M-Block Market GK2,Greater Kailash Metro,300,"Street Food, Chaat, Desserts, Paan",Desserts & Paan,Chocolate Paan,90,Traditional betel leaf wrapped with rich chocolate ganache and dipped in hard chocolate shell,true,true
Angels in My Kitchen,GK 2,South Delhi,M-Block Market GK2,Greater Kailash Metro,700,"Bakery, Desserts, Fast Food, Cafe",Starters & Savouries,Spicy Chicken Patty,95,"Flaky puff pastry stuffed with spicy minced chicken masala, baked golden brown",false,true
Angels in My Kitchen,GK 2,South Delhi,M-Block Market GK2,Greater Kailash Metro,700,"Bakery, Desserts, Fast Food, Cafe",Starters & Savouries,Paneer Tikka Puff,85,Traditional bakery style layered puff stuffed with roasted paneer cubes and Indian spices",true,false
Angels in My Kitchen,GK 2,South Delhi,M-Block Market GK2,Greater Kailash Metro,700,"Bakery, Desserts, Fast Food, Cafe",Starters & Savouries,Chicken Footlong Sandwich,180,"Soft bakery submarine roll filled with chicken salami, roasted chicken, cheese, and mayo",false,false
Angels in My Kitchen,GK 2,South Delhi,M-Block Market GK2,Greater Kailash Metro,700,"Bakery, Desserts, Fast Food, Cafe","Mains, Quiches & Rolls",Mushroom & Cheese Quiche,140,Individual savory pastry crust filled with chopped button mushrooms and creamy cheese custard,true,false
Angels in My Kitchen,GK 2,South Delhi,M-Block Market GK2,Greater Kailash Metro,700,"Bakery, Desserts, Fast Food, Cafe","Mains, Quiches & Rolls",Chicken Kathi Roll,170,Flaky parantha rolled with spiced onion-tossed chicken chunks and mint coriander chutney,false,true
Angels in My Kitchen,GK 2,South Delhi,M-Block Market GK2,Greater Kailash Metro,700,"Bakery, Desserts, Fast Food, Cafe",Beverages,Cafe Mocha Chilled,160,Cold blended espresso with creamy milk and rich chocolate syrup,true,false
Angels in My Kitchen,GK 2,South Delhi,M-Block Market GK2,Greater Kailash Metro,700,"Bakery, Desserts, Fast Food, Cafe",Desserts & Cakes,Belgian Chocolate Mousse Pastry,150,Silky smooth mousse prepared with authentic Belgian chocolate over a light cocoa sponge,true,true
Angels in My Kitchen,GK 2,South Delhi,M-Block Market GK2,Greater Kailash Metro,700,"Bakery, Desserts, Fast Food, Cafe",Desserts & Cakes,Blueberry Baked Cheesecake,170,Individual slice of baked rich cream cheese cake crowned with tart blueberry sauce,true,true
Angels in My Kitchen,GK 2,South Delhi,M-Block Market GK2,Greater Kailash Metro,700,"Bakery, Desserts, Fast Food, Cafe",Desserts & Cakes,Death By Chocolate Cake Slice,160,Triple layered moist chocolate cake filled with dark fudge and chocolate curls,true,true
Giani's,GK 2,South Delhi,M-Block Market GK2,Greater Kailash Metro,350,"Ice Cream, Desserts, Shakes, Kulfi",Beverages & Shakes,Kesar Badam Shake,170,"Thick creamy milk shake blended with pure saffron, crushed almonds, and cardamom",true,false
Giani's,GK 2,South Delhi,M-Block Market GK2,Greater Kailash Metro,350,"Ice Cream, Desserts, Shakes, Kulfi",Beverages & Shakes,Oreo Cookie Milkshake,160,Cold churned thick milkshake blended with crunchy Oreo cookies and chocolate sauce,true,false
Giani's,GK 2,South Delhi,M-Block Market GK2,Greater Kailash Metro,350,"Ice Cream, Desserts, Shakes, Kulfi","Desserts, Kulfi & Falooda",Rabdi Falooda,160,"Traditional royal dessert with thick slow-reduced rabdi, vermicelli falooda, rose syrup, and ice",true,true
Giani's,GK 2,South Delhi,M-Block Market GK2,Greater Kailash Metro,350,"Ice Cream, Desserts, Shakes, Kulfi","Desserts, Kulfi & Falooda",Kesar Pista Kulfi on Stick,90,Traditional dense Indian milk kulfi infused with saffron and crunchy crushed pistachios,true,false
Giani's,GK 2,South Delhi,M-Block Market GK2,Greater Kailash Metro,350,"Ice Cream, Desserts, Shakes, Kulfi",Desserts & Sundaes,Kuchh Nahi Sundae,220,"Legendary loaded sundae with scoops of mixed ice cream, fresh fruits, nuts, and hot chocolate fudge",true,true
Giani's,GK 2,South Delhi,M-Block Market GK2,Greater Kailash Metro,350,"Ice Cream, Desserts, Shakes, Kulfi",Desserts & Sundaes,Hot Chocolate Fudge (HCF),180,Two generous scoops of vanilla ice cream drowned in hot thick chocolate fudge and roasted peanuts,true,true
Giani's,GK 2,South Delhi,M-Block Market GK2,Greater Kailash Metro,350,"Ice Cream, Desserts, Shakes, Kulfi",Desserts & Sundaes,Belgian Dark Chocolate Scoop,110,Intense and rich dark chocolate ice cream crafted with real Belgian cocoa solids,true,false
Giani's,GK 2,South Delhi,M-Block Market GK2,Greater Kailash Metro,350,"Ice Cream, Desserts, Shakes, Kulfi",Desserts & Sundaes,Kaju Kishmish Ice Cream Scoop,95,Creamy milk ice cream loaded with crunchy roasted cashew nuts and sweet golden raisins,true,false
Natural Ice Cream,GK 2,South Delhi,M-Block Market GK2,Greater Kailash Metro,300,"Artisanal Ice Cream, Desserts",Beverages & Shakes,Tender Coconut Milkshake,180,Thick and luscious milkshake blended with tender coconut ice cream and fresh full cream milk,true,false
Natural Ice Cream,GK 2,South Delhi,M-Block Market GK2,Greater Kailash Metro,300,"Artisanal Ice Cream, Desserts",Beverages & Shakes,Alphonso Mango Milkshake,180,Rich chilled summer milkshake blended with fresh Alphonso mango ice cream,true,false
Natural Ice Cream,GK 2,South Delhi,M-Block Market GK2,Greater Kailash Metro,300,"Artisanal Ice Cream, Desserts",Desserts & Fruit Ice Creams,Tender Coconut Ice Cream (Single Scoop),95,"Iconic all-natural ice cream made with real tender coconut meat, fresh milk, and sugar",true,true
Natural Ice Cream,GK 2,South Delhi,M-Block Market GK2,Greater Kailash Metro,300,"Artisanal Ice Cream, Desserts",Desserts & Fruit Ice Creams,Sitaphal (Custard Apple) Ice Cream,95,Seasonal specialty ice cream churned with real seeded pulp of sweet custard apples,true,true
Natural Ice Cream,GK 2,South Delhi,M-Block Market GK2,Greater Kailash Metro,300,"Artisanal Ice Cream, Desserts",Desserts & Fruit Ice Creams,Alphonso Mango Ice Cream,95,Signature seasonal summer ice cream crafted using 100% pure Ratnagiri Alphonso mango pulp,true,true
Natural Ice Cream,GK 2,South Delhi,M-Block Market GK2,Greater Kailash Metro,300,"Artisanal Ice Cream, Desserts",Classic & Nut Ice Creams,Roasted Almond Ice Cream,95,Creamy dairy ice cream packed with crunchy dry-roasted California almond slivers,true,false
Natural Ice Cream,GK 2,South Delhi,M-Block Market GK2,Greater Kailash Metro,300,"Artisanal Ice Cream, Desserts",Desserts & Fruit Ice Creams,Chikoo (Sapodilla) Ice Cream,95,"Unique, natural fruit ice cream made with fresh pulp of ripe sweet sapodilla",true,false
Natural Ice Cream,GK 2,South Delhi,M-Block Market GK2,Greater Kailash Metro,300,"Artisanal Ice Cream, Desserts",Desserts & Fruit Ice Creams,Kala Jamun Ice Cream,105,Vibrant purple seasonal ice cream prepared with pure pulp of Indian black blackberries,true,true
Natural Ice Cream,GK 2,South Delhi,M-Block Market GK2,Greater Kailash Metro,300,"Artisanal Ice Cream, Desserts",Classic & Nut Ice Creams,Malai Ice Cream (Single Scoop),85,"Rich, plain and unadorned traditional clotted cream ice cream with pure milk sweetness",true,false
Chaayos,GK 2,South Delhi,M-Block Market GK2,Greater Kailash Metro,450,"Tea, Fast Food, Street Food, Cafe",Starters & Snacks,Loaded Open Parantha,229,"Crisp flaky parantha topped with spicy cottage cheese chunks, onions, and melted cheese",true,true
Chaayos,GK 2,South Delhi,M-Block Market GK2,Greater Kailash Metro,450,"Tea, Fast Food, Street Food, Cafe",Starters & Snacks,Bun Maska,99,"Soft warm bakery bun generously smeared with salted Amul butter, perfect companion for chai",true,true
Chaayos,GK 2,South Delhi,M-Block Market GK2,Greater Kailash Metro,450,"Tea, Fast Food, Street Food, Cafe",Starters & Snacks,Homestyle Paneer Pakora (4 pcs),179,"Fresh cottage cheese slabs coated in spiced gram flour batter and fried crisp, with chutney",true,false
Chaayos,GK 2,South Delhi,M-Block Market GK2,Greater Kailash Metro,450,"Tea, Fast Food, Street Food, Cafe",Starters & Snacks,Vada Pav (2 pcs),149,Spiced mashed potato fritters inside toasted pav buns smeared with dry garlic and green chutney",true,false
Chaayos,GK 2,South Delhi,M-Block Market GK2,Greater Kailash Metro,450,"Tea, Fast Food, Street Food, Cafe",Mains & Meals,Palak Patta Chaat,189,"Crispy fried fresh spinach leaves topped with seasoned curd, tamarind chutney, and nylon sev",true,true
Chaayos,GK 2,South Delhi,M-Block Market GK2,Greater Kailash Metro,450,"Tea, Fast Food, Street Food, Cafe",Mains & Meals,Matar Kulcha Box,219,Spicy tangy dried white peas curry served with two soft butter-toasted Amritsari kulchas,true,false
Chaayos,GK 2,South Delhi,M-Block Market GK2,Greater Kailash Metro,450,"Tea, Fast Food, Street Food, Cafe",Beverages & Chai,Desi Chai (Kulhad),119,"Customizable aromatic Indian milk tea brewed fresh with choice of ginger, tulsi, and cardamom in kulhad",true,true
Chaayos,GK 2,South Delhi,M-Block Market GK2,Greater Kailash Metro,450,"Tea, Fast Food, Street Food, Cafe",Beverages & Chai,Kulhad Masala Chai,129,Robust Indian black tea simmered with milk and freshly crushed secret 12-spice blend,true,true
Chaayos,GK 2,South Delhi,M-Block Market GK2,Greater Kailash Metro,450,"Tea, Fast Food, Street Food, Cafe",Beverages & Chai,Iced Chai Frappe,199,Chilled thick blended spiced tea frappe with crushed ice and whipped cream topping,true,false
Chaayos,GK 2,South Delhi,M-Block Market GK2,Greater Kailash Metro,450,"Tea, Fast Food, Street Food, Cafe",Desserts,Chocolate Factory Cake,179,Warm moist chocolate cake with molten fudge filling served with chocolate sauce,true,false
